name,age
Stephanie,59
Roy,29
Samuel,44
Andrew,55
Carlos,23
Diana,70
Timothy,39
Bobby,49
Juan,25
Russell,58
Earl,56
Kathryn,49
Beverly,28
Diane,68
Frank,41
Shawn,67
Philip,48
Ernest,58
Sarah,45
Joe,36
Ernest,30
Louis,25
Alice,34
Heather,51
Annie,26
Diane,24
Alice,45
Dennis,55
Aaron,67
Christine,41
Evelyn,29
Terry,27
Alan,72
Fred,66
Terry,76
Robert,46
Kathy,21
Chris,61
Irene,67
Sean,27
Lisa,25
Jennifer,63
Lois,45
Maria,50
Jacqueline,66
Ruby,43
Harry,65
Debra,25
Raymond,23
Ryan,74
Cheryl,35
Joseph,74
Fred,49
Steve,78
Jose,63
Jesse,26
Eric,38
Denise,32
Kenneth,75
Julie,57
Barbara,73
Amy,39
Randy,50
Jeffrey,57
Jimmy,36
Justin,31
Rachel,54
Larry,60
Louis,64
Annie,52
Anthony,38
Susan,71
Amy,27
Ralph,43
Howard,54
Stephen,46
Ashley,64
Jeremy,36
Timothy,77
Janet,54
Tammy,69
Kimberly,53
Kathy,54
Gregory,63
Marie,31
Samuel,77
Roy,24
Susan,76
Donald,23
Phyllis,40
Roger,66
Debra,39
Victor,22
Elizabeth,60
Anna,36
Chris,28
Samuel,47
Christopher,20
Raymond,24
Peter,30
Joseph,28
Steve,38
Dennis,44
Gregory,74
Wayne,49
Pamela,78
Benjamin,76
Christina,70
Donald,46
James,59
Linda,41
Rebecca,57
Catherine,52
Stephen,50
Karen,50
George,68
Russell,48
William,23
Marie,69
Aaron,24
Helen,46
Christina,22
Timothy,65
Anthony,47
Carol,40
Evelyn,59
Janice,69
Russell,67
Aaron,73
Jonathan,41
Kimberly,43
Louise,67
Ralph,73
Fred,60
Brenda,60
Heather,25
Jonathan,35
Marilyn,63
Deborah,57
Ryan,21
Gerald,51
Susan,77
Sandra,52
Mark,43
Ruth,50
Arthur,40
Ronald,49
Jacqueline,27
Charles,78
Roger,60
Nicholas,19
James,34
Kimberly,75
Theresa,64
Donald,73
Samuel,34
Jimmy,33
Marilyn,31
Rebecca,60
Dorothy,33
Joyce,31
Carol,45
Carolyn,70
Justin,18
Lori,51
Walter,71
Carlos,57
Wanda,58
Russell,39
Jason,29
Jeffrey,70
Jeffrey,21
Gary,62
Jennifer,64
Kathleen,65
Ruth,76
Brenda,21
Billy,72
Joan,41
Norma,63
Helen,19
Timothy,50
Louise,67
Frank,26
Ann,25
Ann,66
Fred,62
Mary,66
Steve,51
Kathleen,55
Alan,48
Judy,43
Kenneth,47
Stephanie,40
Juan,46
Martha,41
Walter,77
Jonathan,25
Frances,76
Elizabeth,62
Jacqueline,35
Shawn,55
Jesse,39
Alan,76
Juan,57
Kenneth,22
Tina,21
Amanda,46
Amy,63
Tina,42
George,55
Tammy,28
Frank,43
Jack,73
Martha,28
Timothy,22
Louis,49
Ruby,72
Elizabeth,64
Earl,67
Evelyn,58
Gregory,75
Clarence,77
Dennis,29
Victor,61
Mildred,54
Annie,52
Ann,32
Jane,46
Clarence,27
Paul,70
Martha,52
Randy,43
Kenneth,74
Bobby,66
Raymond,75
Andrew,71
Andrea,69
Doris,69
Harold,60
Jerry,63
Janet,33
Ann,74
Lisa,78
Judy,72
Nancy,23
Bruce,58
Margaret,32
Carolyn,75
Sara,75
Kevin,49
Phillip,28
Teresa,54
Irene,66
Gary,45
Ralph,25
Roger,37
Ann,70
Gerald,51
John,66
Judith,20
Henry,21
Stephanie,65
Roy,61
Lisa,59
Patrick,47
Barbara,60
Jane,53
Judy,35
Virginia,26
Pamela,51
Robert,47
Patricia,51
Brenda,20
Kelly,22
Diane,39
Steve,23
Frank,70
Jean,72
Karen,35
Louis,28
Catherine,57
Alan,65
Jacqueline,35
Marilyn,78
Eric,32
Mildred,74
Karen,43
Tammy,77
Judy,72
Kelly,48
Carl,70
Katherine,21
Jesse,21
Doris,29
Angela,48
Julie,35
Ruby,52
Margaret,74
Phillip,40
Theresa,73
Doris,31
Edward,45
Kimberly,73
Jerry,46
Todd,41
Benjamin,64
Carol,49
Phyllis,69
Jennifer,72
Jason,29
Margaret,76
Mildred,36
Steve,41
Patrick,31
William,27
Edward,27
Rachel,44
Ryan,43
Antonio,77
Beverly,76
Jesse,73
Martin,25
Lillian,77
Carlos,33
Howard,32
Harold,24
Kelly,39
Jacqueline,18
Alan,75
Walter,30
Ann,70
Carolyn,39
Walter,42
Lori,62
Gloria,68
Chris,27
Kathryn,29
Sharon,77
Katherine,77
Lillian,54
Theresa,49
Louise,31
Diane,39
Johnny,58
Donald,52
Dorothy,38
Peter,33
Gerald,61
Ernest,36
Shirley,51
Lois,35
Alan,49
Eugene,54
Nancy,75
Tammy,57
Tammy,35
Howard,30
Sandra,57
Evelyn,33
Randy,19
Billy,54
Jose,43
Carl,36
Nicole,69
Eric,25
Irene,33
Philip,31
Debra,75
Raymond,77
Jeffrey,59
Christina,50
Lillian,40
Mildred,71
Willie,56
Angela,69
Kathleen,19
Rebecca,43
Louis,46
Ruby,64
Timothy,28
Linda,71
Joe,58
Roger,63
George,24
Randy,27
Bobby,50
Earl,34
Gerald,28
James,74
David,35
Richard,75
Roger,48
John,52
Louis,52
Donna,18
Karen,56
Kenneth,49
Patrick,28
Charles,26
Charles,61
Fred,52
Kevin,55
Dorothy,55
Janet,48
Kevin,60
Terry,44
Christina,69
Matthew,55
Kevin,58
Nancy,66
Sean,28
Doris,71
Ruth,21
Rachel,29
Andrew,44
Patrick,73
Bonnie,42
Edward,29
Peter,27
Paul,56
Kathy,50
Matthew,57
David,19
Alan,59
Joshua,18
Wayne,22
Catherine,18
Douglas,24
Aaron,45
John,18
Carlos,76
Virginia,33
Pamela,24
Donna,36
Joseph,57
Alan,66
Laura,74
Amy,56
Diane,62
Kimberly,34
Jonathan,53
Ryan,39
Katherine,73
Martin,28
Gloria,69
Helen,30
Linda,31
Cynthia,42
Alan,31
Ryan,48
Terry,33
Todd,67
Clarence,64
Diana,18
Deborah,70
Rebecca,57
Kathleen,62
Michael,68
Randy,53
Frances,71
Jack,36
Phyllis,63
Shawn,40
Alice,55
Nancy,31
Matthew,73
Ralph,27
Judith,61
Katherine,34
Kathleen,32
Jonathan,29
Bonnie,48
Shawn,46
Johnny,28
Jose,60
Albert,53
Harold,65
Wanda,56
Philip,32
Justin,63
Debra,73
Jacqueline,44
William,45
Carolyn,67
Timothy,20
Alan,72
Cynthia,61
Jesse,28
Anne,73
Martin,49
Kathleen,56
David,28
Antonio,74
Rachel,41
Kevin,38
Ann,24
Bobby,23
Diane,26
Bobby,56
Judy,74
Theresa,62
Clarence,63
Teresa,70
Emily,33
Gary,57
Willie,71
Jane,18
Paula,77
Nancy,63
Rebecca,27
Ryan,56
Paula,58
Carolyn,76
Walter,38
Billy,61
Samuel,26
Rachel,51
Beverly,21
Dorothy,22
Clarence,49
Lillian,75
Fred,67
Carlos,66
Bruce,59
Sarah,53
Emily,42
Johnny,43
Philip,20
Sean,51
Kathryn,23
Evelyn,42
Melissa,59
Wayne,36
Howard,54
Doris,68
Kenneth,37
Gloria,45
John,26
Willie,55
Margaret,53
Steven,31
Frances,77
Mark,69
Carlos,26
Joyce,68
Terry,73
Ruby,60
Linda,51
Joshua,56
Tina,67
Shawn,41
Michelle,67
Douglas,37
Gary,43
Rachel,54
Catherine,30
Joseph,49
Jason,29
Irene,29
Phyllis,18
Gloria,52
Daniel,41
Earl,58
Ruby,23
Randy,58
Teresa,38
Nancy,62
Keith,59
Henry,57
Thomas,59
Roy,23
Jennifer,34
David,45
Julia,26
Martin,50
Julie,56
Jesse,63
Ashley,45
Larry,41
Dennis,21
David,74
Shirley,77
Christine,39
Douglas,61
Sarah,37
Carlos,49
Norma,38
Brenda,35
Virginia,28
Christopher,35
Diane,23
Michael,30
Bonnie,58
Victor,68
Antonio,20
Jessica,54
Eugene,27
Diana,24
Eric,68
Patrick,51
Mildred,52
Craig,54
Lois,24
Jimmy,74
Sean,25
Harry,54
Gary,62
Diane,36
Fred,64
Terry,68
Carol,66
Julia,55
Lisa,74
Jessica,37
Scott,72
Steve,51
Bobby,71
Theresa,72
Ashley,50
Lori,55
Anthony,63
Paula,48
Janice,57
Sara,48
Janice,67
Stephanie,24
Kelly,37
Peter,20
Nicholas,24
Ashley,76
Rebecca,76
Mark,64
Kevin,70
Deborah,58
Jimmy,18
Lori,37
John,66
Billy,47
Marilyn,33
Irene,44
Russell,22
Kelly,28
Michelle,62
Sharon,31
Evelyn,30
Lois,71
Sean,46
Mildred,62
Walter,71
Marie,19
Frank,54
Shawn,76
Justin,53
Johnny,53
Joan,55
Jane,68
Willie,75
Michelle,61
Judith,71
Craig,55
Norma,31
Irene,54
Angela,43
Sean,51
Pamela,24
Randy,46
Terry,49
Matthew,63
Charles,24
Jack,29
Anne,74
Ronald,63
Phillip,53
Catherine,60
Kimberly,56
Eric,49
Lawrence,55
Karen,70
Timothy,42
Amanda,49
Christina,54
George,37
Chris,35
Lois,38
Frances,25
Ruth,64
Sandra,43
Jerry,75
Jennifer,73
Joe,74
Brenda,51
Louis,69
Diana,69
Jane,53
Marilyn,40
Harry,52
Teresa,76
Carolyn,18
Jack,25
Frank,64
Lawrence,39
Larry,47
Deborah,28
Susan,21
Sara,39
Robin,54
Helen,67
Lillian,22
Andrew,33
Robin,45
Lillian,43
Eugene,67
Nicholas,51
Ruth,27
Ruby,45
Joseph,23
Eric,53
Lois,56
Linda,41
Patrick,31
Adam,20
Kevin,57
Eugene,48
Rachel,24
Terry,47
Dennis,57
Jonathan,50
Kenneth,76
George,23
Roy,33
Brandon,69
Roy,38
Frank,52
Amanda,74
Donald,48
Shirley,42
Julie,40
Frank,63
Paul,43
Andrea,68
Anna,60
Billy,69
Ryan,74
Doris,21
Sean,39
Jacqueline,71
Bobby,39
Lillian,50
Kimberly,54
Dennis,25
Andrew,22
Ryan,62
Gary,75
Carl,52
Anne,68
Aaron,48
Willie,37
John,31
Chris,33
Brian,26
Catherine,52
Janice,28
Sarah,37
Nancy,64
Keith,56
Eric,34
William,46
Wanda,33
Ann,27
Nicole,30
Sharon,25
Eric,18
Debra,56
Daniel,52
Victor,23
Catherine,37
Joyce,39
Eric,48
Howard,19
Pamela,78
Shawn,42
Terry,50
Douglas,67
Earl,76
Brandon,37
Jane,71
Charles,58
Frank,45
Julia,75
Stephanie,71
Carolyn,58
Ashley,40
Lois,42
Jeffrey,36
Gregory,28
Jonathan,78
Julia,58
Cynthia,50
Brian,26
Nicole,70
Wanda,66
Ann,19
Anne,69
Bonnie,43
Kimberly,68
Ann,40
Deborah,53
Elizabeth,34
Gerald,26
Jesse,64
Chris,49
Diane,53
Laura,35
Patrick,41
Michael,74
Donna,21
Elizabeth,44
Joe,60
Johnny,32
Frances,31
Laura,33
Diane,54
Deborah,78
Susan,63
Raymond,48
Ashley,32
Brenda,36
Jerry,28
Dorothy,55
Bobby,47
Clarence,72
Mildred,67
Jimmy,62
Kathryn,74
Joyce,55
Shirley,41
Bonnie,60
Donald,62
Gloria,50
Ashley,58
Amanda,63
Irene,36
Annie,22
Ashley,22
Ruby,55
Willie,42
Brandon,21
Frances,51
Norma,24
Lillian,41
Sara,54
Russell,28
James,62
Terry,71
Anne,50
Craig,48
Marilyn,67
Ernest,58
Christina,20
Mildred,66
William,66
Frank,56
Samuel,49
Rachel,55
Shawn,42
Michelle,46
Craig,32
Sandra,62
Nicholas,75
Scott,29
Evelyn,52
Charles,51
Michael,52
Richard,35
Betty,59
Mary,31
Matthew,24
Bruce,33
Barbara,44
Catherine,76
Jack,54
Albert,20
Carlos,49
Mary,18
Kathleen,42
Lori,40
Frank,75
Timothy,44
Diana,34
Carlos,28
Roy,40
Helen,55
Lois,55
Alan,48
Charles,54
Sean,44
James,47
Raymond,40
Annie,28
Robin,47
Martin,31
Matthew,39
Arthur,18
Alice,62
Nicole,57
Bonnie,45
Martha,25
Kathleen,73
Gregory,69
Barbara,18
Bobby,41
Howard,40
Kenneth,52
Kelly,59
Kathryn,53
Patrick,24
Ernest,58
Rebecca,33
Lillian,37
Brian,71
Joshua,33
Shawn,36
Aaron,26
Kevin,35
Ralph,23
Larry,47
Antonio,37
Sean,18
Scott,44
Ruth,33
Louise,60
Margaret,40
Ernest,44
Theresa,75
Adam,23
Billy,42
Cynthia,74
Victor,76
Phillip,49
Larry,39
Harold,58
Arthur,37
Steve,59
Evelyn,74
Frances,64
Bruce,41
George,43
James,73
Ashley,73
James,67
Angela,38
Jessica,38
Donald,40
Patrick,33
Mary,43
Harry,40
Janet,62
Anthony,64
Adam,46
Tina,56
Andrea,54
Virginia,68
Aaron,54
Ann,47
Nicole,74
Brenda,24
Michael,44
Nicole,31
Gregory,60
Matthew,58
Howard,58
Juan,63
Philip,19
Antonio,65
Donald,38
Earl,25
Pamela,57
Kimberly,60
Rachel,46
Gloria,37
Jason,67
Jennifer,52
Lisa,57
Randy,47
Willie,42
Billy,61
Marilyn,78
Kathy,41
Scott,26
Mildred,65
Samuel,38
Brenda,78
Craig,66
Doris,33
Frank,65
Jason,63
Lori,30
Clarence,78
David,48
